{
  "test": 0.36666666666666664,
  "id_test": 0.578125
}