{
  "test": 0.7333333333333333,
  "id_test": 0.890625
}