{
  "test": 0.11666666666666667,
  "id_test": 0.53125
}