{
  "test": 0.23333333333333334,
  "id_test": 0.53125
}