{
  "test": 0.18333333333333332,
  "id_test": 0.515625
}