{
  "test": 0.03333333333333333,
  "id_test": 0.453125
}