{
  "test": 0.13333333333333333,
  "id_test": 0.53125
}